{
    "episode_index": {
        "min": [
            0
        ],
        "max": [
            20
        ],
        "mean": [
            10.00106360348862
        ],
        "std": [
            6.055625555491536
        ],
        "count": [
            18804
        ],
        "q01": [
            10.00106360348862
        ],
        "q10": [
            10.001063603488623
        ],
        "q50": [
            10.001063603488639
        ],
        "q90": [
            10.001063603488655
        ],
        "q99": [
            10.001063603488658
        ]
    },
    "frame_index": {
        "min": [
            0
        ],
        "max": [
            895
        ],
        "mean": [
            447.21442246330565
        ],
        "std": [
            258.4880390647421
        ],
        "count": [
            18804
        ],
        "q01": [
            8.04168294821067
        ],
        "q10": [
            89.0033463943041
        ],
        "q50": [
            447.0098347160178
        ],
        "q90": [
            805.4254985323075
        ],
        "q99": [
            886.3871619784007
        ]
    },
    "index": {
        "min": [
            0
        ],
        "max": [
            18803
        ],
        "mean": [
            9401.5
        ],
        "std": [
            5428.247223244964
        ],
        "count": [
            18804
        ],
        "q01": [
            8962.327260484904
        ],
        "q10": [
            9043.288923930999
        ],
        "q50": [
            9401.389024569238
        ],
        "q90": [
            9759.711076069001
        ],
        "q99": [
            9840.672739515094
        ]
    },
    "timestamp": {
        "min": [
            0.0
        ],
        "max": [
            29.833333333333332
        ],
        "mean": [
            14.907147415443523
        ],
        "std": [
            8.61626796882473
        ],
        "count": [
            18804
        ],
        "q01": [
            0.2680560981787604
        ],
        "q10": [
            2.966778213066039
        ],
        "q50": [
            14.903731908104632
        ],
        "q90": [
            26.847516617820997
        ],
        "q99": [
            29.54623873270828
        ]
    },
    "action": {
        "min": [
            -50.20000076293945,
            -136.1999969482422,
            -118.19999694824219,
            -48.70000076293945,
            -61.900001525878906,
            -90.0,
            -225.0
        ],
        "max": [
            18.700000762939453,
            0.20000000298023224,
            0.0,
            68.4000015258789,
            61.20000076293945,
            61.70000076293945,
            0.0
        ],
        "mean": [
            -7.9696200426839905,
            -52.9148202552057,
            -35.947801882296105,
            10.304819602943233,
            0.320897093937007,
            -6.6025199101790895,
            -69.80369840219058
        ],
        "std": [
            13.544631718132209,
            45.67894891123259,
            33.731584730962396,
            28.5777337547664,
            15.870075011050568,
            27.94706143370589,
            69.67114853260209
        ],
        "count": [
            18804
        ],
        "q01": [
            -30.728259447558553,
            -120.54302806924602,
            -91.60698935650193,
            -31.217067967998283,
            -17.06368794777454,
            -37.24593002945282,
            -192.88547390344655
        ],
        "q10": [
            -28.373255632939937,
            -113.77103660866256,
            -86.5361001523027,
            -26.361003663157724,
            -13.026529043807061,
            -34.0425612686261,
            -172.97884600083486
        ],
        "q50": [
            -5.619630970012309,
            -53.38839851967504,
            -33.193411469703214,
            4.524269516648192,
            -1.5334876524721044,
            -3.5336656153565094,
            -51.28425694411794
        ],
        "q90": [
            4.232288128103326,
            -4.375155234540359,
            -3.29616324111692,
            54.13309119211747,
            18.32301086786135,
            13.514704509203353,
            -6.2423773283011785
        ],
        "q99": [
            7.2491621355578255,
            0.03104879975917032,
            -0.22300100181758603,
            57.19132319256344,
            21.99019036525508,
            16.518081910099575,
            -0.0030987648164658684
        ]
    },
    "observation.images.side": {
        "min": [
            [
                [
                    0.0
                ]
            ],
            [
                [
                    0.0
                ]
            ],
            [
                [
                    0.0
                ]
            ]
        ],
        "max": [
            [
                [
                    1.0
                ]
            ],
            [
                [
                    1.0
                ]
            ],
            [
                [
                    1.0
                ]
            ]
        ],
        "mean": [
            [
                [
                    0.5287763291240152
                ]
            ],
            [
                [
                    0.5354653736665081
                ]
            ],
            [
                [
                    0.5269289581459714
                ]
            ]
        ],
        "std": [
            [
                [
                    0.014301007887698745
                ]
            ],
            [
                [
                    0.0126055569941186
                ]
            ],
            [
                [
                    0.013168366989136393
                ]
            ]
        ],
        "count": [
            3423
        ],
        "q01": [
            [
                [
                    0.007127632687108198
                ]
            ],
            [
                [
                    0.02116834138167621
                ]
            ],
            [
                [
                    0.0059910375825397355
                ]
            ]
        ],
        "q10": [
            [
                [
                    0.15646970424302928
                ]
            ],
            [
                [
                    0.15146425936753327
                ]
            ],
            [
                [
                    0.08851284416434708
                ]
            ]
        ],
        "q50": [
            [
                [
                    0.5858121005111422
                ]
            ],
            [
                [
                    0.5934526458921207
                ]
            ],
            [
                [
                    0.5891486580082597
                ]
            ]
        ],
        "q90": [
            [
                [
                    0.6931771405553638
                ]
            ],
            [
                [
                    0.6922626883543969
                ]
            ],
            [
                [
                    0.6950611025760979
                ]
            ]
        ],
        "q99": [
            [
                [
                    0.7910214960067525
                ]
            ],
            [
                [
                    0.7454911961072371
                ]
            ],
            [
                [
                    0.7394896339025203
                ]
            ]
        ]
    },
    "observation.state": {
        "min": [
            -49.69175720214844,
            -136.17965698242188,
            -118.12582397460938,
            -48.533355712890625,
            -61.18849563598633,
            -90.08336639404297,
            -225.07183837890625
        ],